[
{
    "model": "auth.permission",
    "pk": 1,
    "fields": {
        "name": "Can add log entry",
        "content_type": 1,
        "codename": "add_logentry"
    }
},
{
    "model": "auth.permission",
    "pk": 2,
    "fields": {
        "name": "Can change log entry",
        "content_type": 1,
        "codename": "change_logentry"
    }
},
{
    "model": "auth.permission",
    "pk": 3,
    "fields": {
        "name": "Can delete log entry",
        "content_type": 1,
        "codename": "delete_logentry"
    }
},
{
    "model": "auth.permission",
    "pk": 4,
    "fields": {
        "name": "Can view log entry",
        "content_type": 1,
        "codename": "view_logentry"
    }
},
{
    "model": "auth.permission",
    "pk": 5,
    "fields": {
        "name": "Can add permission",
        "content_type": 2,
        "codename": "add_permission"
    }
},
{
    "model": "auth.permission",
    "pk": 6,
    "fields": {
        "name": "Can change permission",
        "content_type": 2,
        "codename": "change_permission"
    }
},
{
    "model": "auth.permission",
    "pk": 7,
    "fields": {
        "name": "Can delete permission",
        "content_type": 2,
        "codename": "delete_permission"
    }
},
{
    "model": "auth.permission",
    "pk": 8,
    "fields": {
        "name": "Can view permission",
        "content_type": 2,
        "codename": "view_permission"
    }
},
{
    "model": "auth.permission",
    "pk": 9,
    "fields": {
        "name": "Can add group",
        "content_type": 3,
        "codename": "add_group"
    }
},
{
    "model": "auth.permission",
    "pk": 10,
    "fields": {
        "name": "Can change group",
        "content_type": 3,
        "codename": "change_group"
    }
},
{
    "model": "auth.permission",
    "pk": 11,
    "fields": {
        "name": "Can delete group",
        "content_type": 3,
        "codename": "delete_group"
    }
},
{
    "model": "auth.permission",
    "pk": 12,
    "fields": {
        "name": "Can view group",
        "content_type": 3,
        "codename": "view_group"
    }
},
{
    "model": "auth.permission",
    "pk": 13,
    "fields": {
        "name": "Can add user",
        "content_type": 4,
        "codename": "add_user"
    }
},
{
    "model": "auth.permission",
    "pk": 14,
    "fields": {
        "name": "Can change user",
        "content_type": 4,
        "codename": "change_user"
    }
},
{
    "model": "auth.permission",
    "pk": 15,
    "fields": {
        "name": "Can delete user",
        "content_type": 4,
        "codename": "delete_user"
    }
},
{
    "model": "auth.permission",
    "pk": 16,
    "fields": {
        "name": "Can view user",
        "content_type": 4,
        "codename": "view_user"
    }
},
{
    "model": "auth.permission",
    "pk": 17,
    "fields": {
        "name": "Can add content type",
        "content_type": 5,
        "codename": "add_contenttype"
    }
},
{
    "model": "auth.permission",
    "pk": 18,
    "fields": {
        "name": "Can change content type",
        "content_type": 5,
        "codename": "change_contenttype"
    }
},
{
    "model": "auth.permission",
    "pk": 19,
    "fields": {
        "name": "Can delete content type",
        "content_type": 5,
        "codename": "delete_contenttype"
    }
},
{
    "model": "auth.permission",
    "pk": 20,
    "fields": {
        "name": "Can view content type",
        "content_type": 5,
        "codename": "view_contenttype"
    }
},
{
    "model": "auth.permission",
    "pk": 21,
    "fields": {
        "name": "Can add session",
        "content_type": 6,
        "codename": "add_session"
    }
},
{
    "model": "auth.permission",
    "pk": 22,
    "fields": {
        "name": "Can change session",
        "content_type": 6,
        "codename": "change_session"
    }
},
{
    "model": "auth.permission",
    "pk": 23,
    "fields": {
        "name": "Can delete session",
        "content_type": 6,
        "codename": "delete_session"
    }
},
{
    "model": "auth.permission",
    "pk": 24,
    "fields": {
        "name": "Can view session",
        "content_type": 6,
        "codename": "view_session"
    }
},
{
    "model": "auth.permission",
    "pk": 25,
    "fields": {
        "name": "Can add Удобство",
        "content_type": 7,
        "codename": "add_amenity"
    }
},
{
    "model": "auth.permission",
    "pk": 26,
    "fields": {
        "name": "Can change Удобство",
        "content_type": 7,
        "codename": "change_amenity"
    }
},
{
    "model": "auth.permission",
    "pk": 27,
    "fields": {
        "name": "Can delete Удобство",
        "content_type": 7,
        "codename": "delete_amenity"
    }
},
{
    "model": "auth.permission",
    "pk": 28,
    "fields": {
        "name": "Can view Удобство",
        "content_type": 7,
        "codename": "view_amenity"
    }
},
{
    "model": "auth.permission",
    "pk": 29,
    "fields": {
        "name": "Can add Комната",
        "content_type": 8,
        "codename": "add_room"
    }
},
{
    "model": "auth.permission",
    "pk": 30,
    "fields": {
        "name": "Can change Комната",
        "content_type": 8,
        "codename": "change_room"
    }
},
{
    "model": "auth.permission",
    "pk": 31,
    "fields": {
        "name": "Can delete Комната",
        "content_type": 8,
        "codename": "delete_room"
    }
},
{
    "model": "auth.permission",
    "pk": 32,
    "fields": {
        "name": "Can view Комната",
        "content_type": 8,
        "codename": "view_room"
    }
},
{
    "model": "auth.permission",
    "pk": 33,
    "fields": {
        "name": "Can add Товар",
        "content_type": 9,
        "codename": "add_supermarketitem"
    }
},
{
    "model": "auth.permission",
    "pk": 34,
    "fields": {
        "name": "Can change Товар",
        "content_type": 9,
        "codename": "change_supermarketitem"
    }
},
{
    "model": "auth.permission",
    "pk": 35,
    "fields": {
        "name": "Can delete Товар",
        "content_type": 9,
        "codename": "delete_supermarketitem"
    }
},
{
    "model": "auth.permission",
    "pk": 36,
    "fields": {
        "name": "Can view Товар",
        "content_type": 9,
        "codename": "view_supermarketitem"
    }
},
{
    "model": "auth.user",
    "pk": 1,
    "fields": {
        "password": "pbkdf2_sha256$720000$0TAn2hBatWsqsxe86NlRAy$gXFETS7yiE6Qbi3C083uAZEvfyTjff1ebCvntg8ZzaQ=",
        "last_login": "2024-08-25T14:03:32.809Z",
        "is_superuser": true,
        "username": "superuser",
        "first_name": "",
        "last_name": "",
        "email": "superuservscodepostgresqlpgadmin4@example.com",
        "is_staff": true,
        "is_active": true,
        "date_joined": "2024-08-25T14:03:20.792Z",
        "groups": [],
        "user_permissions": []
    }
},
{
    "model": "contenttypes.contenttype",
    "pk": 1,
    "fields": {
        "app_label": "admin",
        "model": "logentry"
    }
},
{
    "model": "contenttypes.contenttype",
    "pk": 2,
    "fields": {
        "app_label": "auth",
        "model": "permission"
    }
},
{
    "model": "contenttypes.contenttype",
    "pk": 3,
    "fields": {
        "app_label": "auth",
        "model": "group"
    }
},
{
    "model": "contenttypes.contenttype",
    "pk": 4,
    "fields": {
        "app_label": "auth",
        "model": "user"
    }
},
{
    "model": "contenttypes.contenttype",
    "pk": 5,
    "fields": {
        "app_label": "contenttypes",
        "model": "contenttype"
    }
},
{
    "model": "contenttypes.contenttype",
    "pk": 6,
    "fields": {
        "app_label": "sessions",
        "model": "session"
    }
},
{
    "model": "contenttypes.contenttype",
    "pk": 7,
    "fields": {
        "app_label": "amenities",
        "model": "amenity"
    }
},
{
    "model": "contenttypes.contenttype",
    "pk": 8,
    "fields": {
        "app_label": "rooms",
        "model": "room"
    }
},
{
    "model": "contenttypes.contenttype",
    "pk": 9,
    "fields": {
        "app_label": "supermarket",
        "model": "supermarketitem"
    }
},
{
    "model": "sessions.session",
    "pk": "m3n56zr6f3n9vwrtowsz9rpjpo7vy58u",
    "fields": {
        "session_data": ".eJxVjEEOwiAQRe_C2pCBDFBcuvcMBJipVA0kpV013t026UK3_733NxHiupSwdp7DROIqlLj8binmF9cD0DPWR5O51WWekjwUedIu7434fTvdv4MSe9nrjDAaC4zOe855sOhGjRrZa2MoIStNFIHM4C0AJLcLxMlYD5YVOfH5AtFcN1I:1siDq8:c4COLHO2iXddRhmRnOgkfOEmOtuorWiItoVXK2yZQh4",
        "expire_date": "2024-09-08T14:03:32.809Z"
    }
},
{
    "model": "amenities.amenity",
    "pk": 1,
    "fields": {
        "name": "Бассейн",
        "description": "Большой открытый бассейн с подогревом",
        "price": "500.00",
        "tags": "[\"\\u0432\\u043e\\u0434\\u0430\", \"\\u0441\\u043f\\u043e\\u0440\\u0442\", \"\\u043e\\u0442\\u0434\\u044b\\u0445\"]",
        "available_times": "{\"bounds\": \"[)\", \"lower\": \"2022-01-01T08:00:00+00:00\", \"upper\": \"2022-01-01T20:00:00+00:00\"}"
    }
},
{
    "model": "rooms.room",
    "pk": 1,
    "fields": {
        "name": "Делюкс",
        "beds": 2,
        "available_dates": "{\"bounds\": \"[)\", \"lower\": \"2024-01-01\", \"upper\": \"2024-12-31\"}"
    }
},
{
    "model": "supermarket.supermarketitem",
    "pk": 1,
    "fields": {
        "name": "Кофе",
        "price": "300.00",
        "stock": 50,
        "details": {
            "description": "Молотый кофе, 250г"
        }
    }
}
]
